GN_Ammo_Rare,,,,WeightedRandomUseOnce
Ammo_AmmunitionBox_AirBurst_GAUSS,AmmunitionBox,1,3
Ammo_AmmunitionBox_AirBurst_LGAUSS,AmmunitionBox,1,3
Ammo_AmmunitionBox_Generic_GAUSS,AmmunitionBox,1,4
Ammo_AmmunitionBox_Generic_Narc,AmmunitionBox,1,5
Ammo_AmmunitionBox_Generic_RAC10,AmmunitionBox,1,3
Ammo_AmmunitionBox_Generic_RAC2,AmmunitionBox,1,3
Ammo_AmmunitionBox_Generic_RAC20,AmmunitionBox,1,3
Ammo_AmmunitionBox_Generic_RAC5,AmmunitionBox,1,3
Ammo_AmmunitionBox_Generic_UAC10,AmmunitionBox,1,4
Ammo_AmmunitionBox_Generic_UAC2,AmmunitionBox,1,5
Ammo_AmmunitionBox_Generic_UAC20,AmmunitionBox,1,4
Ammo_AmmunitionBox_Generic_UAC5,AmmunitionBox,1,5
Ammo_AmmunitionBox_HGauss,AmmunitionBox,1,3
Ammo_AmmunitionBox_Improved_Narc,AmmunitionBox,1,3
Ammo_AmmunitionBox_LBX_CLUSTER_AC10,AmmunitionBox,1,3
Ammo_AmmunitionBox_LBX_CLUSTER_AC2,AmmunitionBox,1,3
Ammo_AmmunitionBox_LBX_CLUSTER_AC20,AmmunitionBox,1,3
Ammo_AmmunitionBox_LBX_CLUSTER_AC5,AmmunitionBox,1,3
Ammo_AmmunitionBox_LBX_SLUG_AC10,AmmunitionBox,1,3
Ammo_AmmunitionBox_LBX_SLUG_AC2,AmmunitionBox,1,3
Ammo_AmmunitionBox_LBX_SLUG_AC20,AmmunitionBox,1,3
Ammo_AmmunitionBox_LGauss,AmmunitionBox,1,3
Ammo_AmmunitionBox_LRM_Artemis,AmmunitionBox,1,3
Ammo_AmmunitionBox_LRM_ArtemisV,AmmunitionBox,1,3
Ammo_AmmunitionBox_Magshot,AmmunitionBox,1,3
Ammo_AmmunitionBox_Repeating_GAUSS,AmmunitionBox,1,3
Ammo_AmmunitionBox_SBGauss,AmmunitionBox,1,2
Ammo_AmmunitionBox_SRM_Artemis,AmmunitionBox,1,3
Ammo_AmmunitionBox_SRM_ArtemisV,AmmunitionBox,1,3
Ammo_AmmunitionBox_SRM_Streak,AmmunitionBox,1,3
Ammo_AmmunitionBox_SRM_Streak_H,AmmunitionBox,1,3
