GN_Ammo_Uncommon,,,,WeightedRandomUseOnce
Ammo_AmmunitionBox_AMS,AmmunitionBox,1,6
Ammo_AmmunitionBox_ArrowIV,AmmunitionBox,1,4
Ammo_AmmunitionBox_ELRM,AmmunitionBox,1,3
Ammo_AmmunitionBox_Generic_LRM_half,AmmunitionBox,1,3
Ammo_AmmunitionBox_Generic_MG,AmmunitionBox,1,3
Ammo_AmmunitionBox_Generic_MG_Half,AmmunitionBox,1,3
Ammo_AmmunitionBox_Generic_MRM,AmmunitionBox,1,5
Ammo_AmmunitionBox_Generic_MRM_half,AmmunitionBox,1,3
Ammo_AmmunitionBox_Generic_SRM_half,AmmunitionBox,1,3
Ammo_AmmunitionBox_HVAC10,AmmunitionBox,1,3
Ammo_AmmunitionBox_HVAC2,AmmunitionBox,1,4
Ammo_AmmunitionBox_HVAC20,AmmunitionBox,1,3
Ammo_AmmunitionBox_HVAC5,AmmunitionBox,1,4
Ammo_AmmunitionBox_LongTom,AmmunitionBox,1,3
Ammo_AmmunitionBox_Mortar,AmmunitionBox,1,3
Ammo_AmmunitionBox_Rifle_H,AmmunitionBox,1,5
Ammo_AmmunitionBox_Rifle_L,AmmunitionBox,1,7
Ammo_AmmunitionBox_Rifle_M,AmmunitionBox,1,6
Ammo_AmmunitionBox_Rocket,AmmunitionBox,1,3
Ammo_AmmunitionBox_Sniper,AmmunitionBox,1,3
Ammo_AmmunitionBox_TBOLT10,AmmunitionBox,1,5
Ammo_AmmunitionBox_TBOLT15,AmmunitionBox,1,4
Ammo_AmmunitionBox_TBOLT20,AmmunitionBox,1,4
Ammo_AmmunitionBox_TBOLT5,AmmunitionBox,1,5
Ammo_AmmunitionBox_Thumper,AmmunitionBox,1,3
AmmunitionBox_HeavyMachineGun,AmmunitionBox,1,3
AmmunitionBox_LMachineGun,AmmunitionBox,1,3
AmmunitionBox_LMachineGun_HALF,AmmunitionBox,1,3
AmmunitionBox_MachineGun_HALF,AmmunitionBox,1,3
