GN_Clan_Weapons,,,,WeightedRandomUseOnce
Weapon_AMS_Clan,Weapon,1,3
Weapon_Arrow_ArrowIV_Clan,Weapon,1,3
Weapon_Autocannon_AC10_LBX_CLAN,Weapon,1,3
Weapon_Autocannon_AC20_LBX_CLAN,Weapon,1,3
Weapon_Autocannon_AC2_LBX_CLAN,Weapon,1,3
Weapon_Autocannon_AC5_LBX_CLAN,Weapon,1,3
Weapon_Autocannon_UAC10_Clan,Weapon,1,3
Weapon_Autocannon_UAC20_Clan,Weapon,1,3
Weapon_Autocannon_UAC2_Clan,Weapon,1,3
Weapon_Autocannon_UAC5_Clan,Weapon,1,3
Weapon_Flamer_Flamer_Clan,Weapon,1,3
Weapon_Flamer_Heavy_Clan,Weapon,1,3
Weapon_Gauss_AP_CLAN,Weapon,1,3
Weapon_Gauss_GaussRifle_Clan,Weapon,1,3
Weapon_Gauss_Gauss_Clan,Weapon,1,3
Weapon_HAG_HAG20_Clan,Weapon,1,3
Weapon_HAG_HAG30_Clan,Weapon,1,3
Weapon_HAG_HAG40_Clan,Weapon,1,3
Weapon_LRM_ATM12,Weapon,1,3
Weapon_LRM_ATM3,Weapon,1,3
Weapon_LRM_ATM6,Weapon,1,3
Weapon_LRM_ATM9,Weapon,1,3
Weapon_LRM_LRM10_Clan,Weapon,1,3
Weapon_LRM_LRM15_Clan,Weapon,1,3
Weapon_LRM_LRM20_Clan,Weapon,1,3
Weapon_LRM_LRM5_Clan,Weapon,1,3
Weapon_LRM_iATM12_CLAN,Weapon,1,3
Weapon_LRM_iATM3_CLAN,Weapon,1,3
Weapon_LRM_iATM6_CLAN,Weapon,1,3
Weapon_LRM_iATM9_CLAN,Weapon,1,3
Weapon_Laser_LargeERLaser_Clan,Weapon,1,3
Weapon_Laser_LargeERPulseLaser_Clan,Weapon,1,3
Weapon_Laser_LargeHeavyLaser_Clan,Weapon,1,3
Weapon_Laser_LargePulseLaser_Clan,Weapon,1,3
Weapon_Laser_MediumERLaser_Clan,Weapon,1,3
Weapon_Laser_MediumERPulseLaser_Clan,Weapon,1,3
Weapon_Laser_MediumHeavyLaser_Clan,Weapon,1,3
Weapon_Laser_MediumPulseLaser_Clan,Weapon,1,3
Weapon_Laser_MicroERLaser_Clan,Weapon,1,3
Weapon_Laser_MicroPulseLaser_Clan,Weapon,1,3
Weapon_Laser_SmallERLaser_Clan,Weapon,1,3
Weapon_Laser_SmallERPulseLaser_Clan,Weapon,1,3
Weapon_Laser_SmallHeavyLaser_Clan,Weapon,1,3
Weapon_Laser_SmallPulseLaser_Clan,Weapon,1,3
Weapon_MachineGun_HeavyMachineGun_Clan,Weapon,1,3
Weapon_MachineGun_LightMachineGun_Clan,Weapon,1,3
Weapon_MachineGun_MachineGun_Clan,Weapon,1,3
Weapon_NARC_CLAN,Weapon,1,3
Weapon_PPC_PPCER_Clan,Weapon,1,3
Weapon_PlasmaCannon_CLAN,Weapon,1,3
Weapon_SRM_SRM2_Clan,Weapon,1,3
Weapon_SRM_SRM2_Clan_OS,Weapon,1,3
Weapon_SRM_SRM4_Clan,Weapon,1,3
Weapon_SRM_SRM4_Clan_OS,Weapon,1,3
Weapon_SRM_SRM6_Clan,Weapon,1,3
Weapon_SRM_SRM6_Clan_OS,Weapon,1,3
Weapon_SRM_SSRM2_Clan,Weapon,1,3
Weapon_SRM_SSRM4_Clan,Weapon,1,3
Weapon_SRM_SSRM4_Clan_OS,Weapon,1,3
Weapon_SRM_SSRM6_Clan,Weapon,1,3
Weapon_Support_LightTAG_Clan,Weapon,1,3
Weapon_Support_TAG_Clan,Weapon,1,3
