GN_Clan_Light_Mechs,,,
mechdef_adder_ADR-A,Mech,1,1
mechdef_adder_ADR-B,Mech,1,1
mechdef_adder_ADR-C,Mech,1,1
mechdef_adder_ADR-D,Mech,1,1
mechdef_adder_ADR-Prime,Mech,1,1
mechdef_adder_ADR-S,Mech,1,1
mechdef_adder_ADR-T,Mech,1,1
mechdef_adder_ADR-TC,Mech,1,1
mechdef_arcticcheetah_A,Mech,1,1
mechdef_arcticcheetah_B,Mech,1,1
mechdef_arcticcheetah_C,Mech,1,1
mechdef_arcticcheetah_D,Mech,1,1
mechdef_arcticcheetah_E,Mech,1,1
mechdef_arcticcheetah_PRIME,Mech,1,1
mechdef_cougar_CGR-A,Mech,1,1
mechdef_cougar_CGR-B,Mech,1,1
mechdef_cougar_CGR-C,Mech,1,1
mechdef_cougar_CGR-D,Mech,1,1
mechdef_cougar_CGR-G,Mech,1,1
mechdef_cougar_CGR-Prime,Mech,1,1
mechdef_fire_falcon,Mech,1,1
mechdef_firemoth_FM-A,Mech,1,1
mechdef_firemoth_FM-B,Mech,1,1
mechdef_firemoth_FM-C,Mech,1,1
mechdef_firemoth_FM-D,Mech,1,1
mechdef_firemoth_FM-E,Mech,1,1
mechdef_firemoth_FM-PRIME,Mech,1,1
mechdef_hellion_HELL-A,Mech,1,1
mechdef_hellion_HELL-C,Mech,1,1
mechdef_hellion_HELL-F,Mech,1,1
mechdef_hellion_HELL-PRIME,Mech,1,1
mechdef_kitfox_A,Mech,1,1
mechdef_kitfox_B,Mech,1,1
mechdef_kitfox_C,Mech,1,1
mechdef_kitfox_D,Mech,1,1
mechdef_kitfox_E,Mech,1,1
mechdef_kitfox_G,Mech,1,1
mechdef_kitfox_J,Mech,1,1
mechdef_kitfox_PRIME,Mech,1,1
mechdef_mistlynx_MLX-B,Mech,1,1
mechdef_mistlynx_MLX-C,Mech,1,1
mechdef_mistlynx_MLX-D,Mech,1,1
mechdef_mistlynx_MLX-E,Mech,1,1
mechdef_mistlynx_MLX-G,Mech,1,1
mechdef_mistlynx_MLX-PRIME,Mech,1,1
