GN_Clan_Ammo,,,,WeightedRandomUseOnce
Ammo_AmmunitionBox_APGauss,AmmunitionBox,1,3
Ammo_AmmunitionBox_ATM,AmmunitionBox,1,3
Ammo_AmmunitionBox_ATM_ER,AmmunitionBox,1,3
Ammo_AmmunitionBox_ATM_HE,AmmunitionBox,1,3
Ammo_AmmunitionBox_EMP_iATM,AmmunitionBox,1,3
Ammo_AmmunitionBox_ER_iATM,AmmunitionBox,1,3
Ammo_AmmunitionBox_Generic_Plasma,AmmunitionBox,1,3
Ammo_AmmunitionBox_Generic_iATM,AmmunitionBox,1,3
Ammo_AmmunitionBox_HAG,AmmunitionBox,1,3
Ammo_AmmunitionBox_HE_iATM,AmmunitionBox,1,3
Ammo_AmmunitionBox_Inferno_iATM,AmmunitionBox,1,3
Ammo_AmmunitionBox_iATM,AmmunitionBox,1,3
Ammo_AmmunitionBox_iATM_EMP,AmmunitionBox,1,3
Ammo_AmmunitionBox_iATM_ER,AmmunitionBox,1,3
Ammo_AmmunitionBox_iATM_HE,AmmunitionBox,1,3
Ammo_AmmunitionBox_iATM_Inferno,AmmunitionBox,1,3
