GN_Clan_Heavy_Mech_Parts,,,
mechdef_NovaCat_NCT-A,MechPart,1,5
mechdef_NovaCat_NCT-B,MechPart,1,5
mechdef_NovaCat_NCT-C,MechPart,1,5
mechdef_NovaCat_NCT-E,MechPart,1,5
mechdef_NovaCat_NCT-Prime,MechPart,1,5
mechdef_black_python,MechPart,1,5
mechdef_black_python_2,MechPart,1,5
mechdef_black_python_5,MechPart,1,5
mechdef_ebonjaguar_A,MechPart,1,5
mechdef_ebonjaguar_B,MechPart,1,5
mechdef_ebonjaguar_C,MechPart,1,5
mechdef_ebonjaguar_D,MechPart,1,5
mechdef_ebonjaguar_E,MechPart,1,5
mechdef_ebonjaguar_F,MechPart,1,5
mechdef_ebonjaguar_PRIME,MechPart,1,5
mechdef_grizzly_2,MechPart,1,5
mechdef_hellbringer_HBR-A,MechPart,1,5
mechdef_hellbringer_HBR-B,MechPart,1,5
mechdef_hellbringer_HBR-C,MechPart,1,5
mechdef_hellbringer_HBR-D,MechPart,1,5
mechdef_hellbringer_HBR-E,MechPart,1,5
mechdef_hellbringer_HBR-F,MechPart,1,5
mechdef_hellbringer_HBR-Prime,MechPart,1,5
mechdef_linebacker_LBK-PRIME,MechPart,1,5
mechdef_mad_dog_mk_iii_D,MechPart,1,5
mechdef_mad_dog_mk_iii_DD,MechPart,1,5
mechdef_mad_dog_mk_iii_H,MechPart,1,5
mechdef_mad_dog_mk_iii_S,MechPart,1,5
mechdef_maddog_A,MechPart,1,5
mechdef_maddog_B,MechPart,1,5
mechdef_maddog_C,MechPart,1,5
mechdef_maddog_D,MechPart,1,5
mechdef_maddog_DD,MechPart,1,5
mechdef_maddog_E,MechPart,1,5
mechdef_maddog_F,MechPart,1,5
mechdef_maddog_PRIME,MechPart,1,5
mechdef_nightgyr_NTG-A,MechPart,1,5
mechdef_nightgyr_NTG-B,MechPart,1,5
mechdef_nightgyr_NTG-C,MechPart,1,5
mechdef_nightgyr_NTG-D,MechPart,1,5
mechdef_nightgyr_NTG-E,MechPart,1,5
mechdef_nightgyr_NTG-F,MechPart,1,5
mechdef_nightgyr_NTG-PRIME,MechPart,1,5
mechdef_summoner_A,MechPart,1,5
mechdef_summoner_B,MechPart,1,5
mechdef_summoner_C,MechPart,1,5
mechdef_summoner_D,MechPart,1,5
mechdef_summoner_E,MechPart,1,5
mechdef_summoner_F,MechPart,1,5
mechdef_summoner_PRIME,MechPart,1,5
mechdef_thunderbolt_C_2,MechPart,1,5
mechdef_timberwolf_TW-A,MechPart,1,5
mechdef_timberwolf_TW-B,MechPart,1,5
mechdef_timberwolf_TW-C,MechPart,1,5
mechdef_timberwolf_TW-D,MechPart,1,5
mechdef_timberwolf_TW-E,MechPart,1,5
mechdef_timberwolf_TW-F,MechPart,1,5
mechdef_timberwolf_TW-M,MechPart,1,5
mechdef_timberwolf_TW-N,MechPart,1,5
mechdef_timberwolf_TW-PRIME,MechPart,1,5
mechdef_timberwolf_TW-S,MechPart,1,5
mechdef_timberwolf_TW-TC,MechPart,1,5
mechdef_woodsman_WDM-FB,MechPart,1,5
mechdef_woodsman_WDM-PRIME,MechPart,1,5
