GN_Electronics_Rare,,,,WeightedRandomUseOnce
Gear_FCS_Advanced,Upgrade,1,3
Gear_Cockpit_TargetingComputer,Upgrade,1,3
Gear_Sensors_Hawkeye,Upgrade,1,3
Gear_Sensors_HyperTrack,Upgrade,1,3
Gear_Cockpit_ArtemisIV,Upgrade,1,3
Gear_FireControlSystem_ArtemisIV,Upgrade,1,3
Gear_FireControlSystem_Apollo,Upgrade,1,3
Gear_FireControlSystem_ArtemisV,Upgrade,1,3
Gear_C3Master,Upgrade,1,3
Gear_C3iMaster,Upgrade,1,3
Gear_C3iSlave,Upgrade,1,3
Gear_ECM_BloodhoundProbe,Upgrade,1,3
Gear_Sensor_Probe_Bloodhound,Upgrade,1,3
Gear_Sensor_Probe_Active,Upgrade,1,3
Gear_TargetingComputer_Advanced,Upgrade,1,3
Gear_TargetingComputer_Ballistic_Accuracy,Upgrade,1,3
Gear_TargetingComputer_Energy_Accuracy,Upgrade,1,3
Gear_TargetingComputer_Indirect_Fire,Upgrade,1,3
Gear_TargetingComputer_Missile_Accuracy,Upgrade,1,3
Gear_TargetingComputer_Missile_Clustering,Upgrade,1,3
Gear_TargetingComputer_Missile_Defence,Upgrade,1,3
Gear_TargetingComputer_Multiple_Targets,Upgrade,1,3
