GN_Faction_Steiner_Assault_Mech_Parts,,,
mechdef_Daboku_DCMS-MX90-D,MechPart,1,6
mechdef_annihilator_ANH-1A,MechPart,1,6
mechdef_banshee_BNC-3Q,MechPart,1,6
mechdef_banshee_BNC-3S,MechPart,1,6
mechdef_battlemaster_BLR-1S,MechPart,1,6
mechdef_berserker_BRZ-B3,MechPart,1,6
mechdef_cyclops_CP-10-HQ,MechPart,1,6
mechdef_cyclops_CP-10-Q,MechPart,1,6
mechdef_devastator_DVS-1D,MechPart,1,6
mechdef_devastator_DVS-3,MechPart,1,6
mechdef_fafnir_FNR-5,MechPart,1,6
mechdef_fafnir_FNR-5B,MechPart,1,6
mechdef_highlander_HGN-733,MechPart,1,6
mechdef_highlander_HGN-733P,MechPart,1,6
mechdef_kingcrab_KGC-0000,MechPart,1,6
mechdef_mauler_MAL-2D,MechPart,1,6
mechdef_victor_VTR-10S,MechPart,1,6
mechdef_victor_VTR-9S,MechPart,1,6
mechdef_zeus-x_ZEU-X,MechPart,1,6
mechdef_zeus_ZEU-6A,MechPart,1,6
mechdef_zeus_ZEU-6S,MechPart,1,6
mechdef_zeus_ZEU-6T,MechPart,1,6
mechdef_zeus_ZEU-9S-DC,MechPart,1,6
