GN_Faction_Liao_Light_Mech_Parts,,,
mechdef_Hermes_HER-1B,MechPart,1,6
mechdef_anubis_ABS-3L,MechPart,1,6
mechdef_anubis_ABS-3R,MechPart,1,6
mechdef_eagle_EGL-1M,MechPart,1,6
mechdef_falcon_FLC-G,MechPart,1,6
mechdef_falcon_FLC-G2,MechPart,1,6
mechdef_javelin_JVN-10A,MechPart,1,6
mechdef_javelin_JVN-10N,MechPart,1,6
mechdef_locust_LCT-1E,MechPart,1,6
mechdef_raven_RVN-1X,MechPart,1,6
mechdef_raven_RVN-3X,MechPart,1,6
mechdef_raven_RVN-4LC,MechPart,1,6
mechdef_urbanmech_UM-R60L,MechPart,1,6
mechdef_urbanmech_UM-R68,MechPart,1,6
