GN_Faction_Steiner_Assault_Mechs,,,
mechdef_Daboku_DCMS-MX90-D,Mech,1,6
mechdef_annihilator_ANH-1A,Mech,1,6
mechdef_banshee_BNC-3Q,Mech,1,6
mechdef_banshee_BNC-3S,Mech,1,6
mechdef_battlemaster_BLR-1S,Mech,1,6
mechdef_berserker_BRZ-B3,Mech,1,6
mechdef_cyclops_CP-10-HQ,Mech,1,6
mechdef_cyclops_CP-10-Q,Mech,1,6
mechdef_devastator_DVS-1D,Mech,1,6
mechdef_devastator_DVS-3,Mech,1,6
mechdef_fafnir_FNR-5,Mech,1,6
mechdef_fafnir_FNR-5B,Mech,1,6
mechdef_highlander_HGN-733,Mech,1,6
mechdef_highlander_HGN-733P,Mech,1,6
mechdef_kingcrab_KGC-0000,Mech,1,6
mechdef_mauler_MAL-2D,Mech,1,6
mechdef_victor_VTR-10S,Mech,1,6
mechdef_victor_VTR-9S,Mech,1,6
mechdef_zeus-x_ZEU-X,Mech,1,6
mechdef_zeus_ZEU-6A,Mech,1,6
mechdef_zeus_ZEU-6S,Mech,1,6
mechdef_zeus_ZEU-6T,Mech,1,6
mechdef_zeus_ZEU-9S-DC,Mech,1,6
