GN_Faction_Kurita_Assault_Mech_Parts,,,
mechdef_Crockett_CRK-5003-2,MechPart,1,6
mechdef_Daboku_DCMS-MX90-D,MechPart,1,6
mechdef_akuma_AKU-1X,MechPart,1,6
mechdef_annihilator_ANH-1A,MechPart,1,6
mechdef_battlemaster_BLR-2C,MechPart,1,6
mechdef_charger_CGR-C,MechPart,1,6
mechdef_cyclops_CP-10-HQ,MechPart,1,6
mechdef_cyclops_CP-10-Q,MechPart,1,6
mechdef_hatamoto-Kaze_HTM-27V,MechPart,1,6
mechdef_hatamoto-chi_HTM-26T,MechPart,1,6
mechdef_hatamoto-chi_HTM-27T,MechPart,1,6
mechdef_hatamoto-chi_HTM-28T,MechPart,1,6
mechdef_hatamoto-hi_HTM-27U,MechPart,1,6
mechdef_hatamoto-hi_HTM-C,MechPart,1,6
mechdef_hatamoto-hi_HTM-CM,MechPart,1,6
mechdef_hatamoto-mizo_HTM-27Y,MechPart,1,6
mechdef_kingcrab_KGC-0000,MechPart,1,6
mechdef_mauler_MAL-3R,MechPart,1,6
mechdef_naginata_NG-C3B,MechPart,1,6
mechdef_o-bakemono_OBK-M10,MechPart,1,6
mechdef_tai-sho_TSH-7S,MechPart,1,6
