GN_Faction_ComStar_Heavy_Mechs,,,
mechdef_archer_ARC-5CS,Mech,1,6
mechdef_avatar_AV1-OE,Mech,1,6
mechdef_bombardier_BMB-12D,Mech,1,6
mechdef_bombardier_BMB-14C,Mech,1,6
mechdef_champion_CHP-3N,Mech,1,6
mechdef_champion_CHP-3P,Mech,1,6
mechdef_excalibur_EXC-C1,Mech,1,6
mechdef_exterminator_EXT-5E,Mech,1,6
mechdef_flashman_FLS-9C,Mech,1,6
mechdef_lancelot_LNC25-04,Mech,1,6
mechdef_marauder_MAD-5CS,Mech,1,6
mechdef_rifleman_RFL-5CS,Mech,1,6
mechdef_shootist_ST-8A,Mech,1,6
mechdef_shootist_ST-8C,Mech,1,6
mechdef_warhammer_WHM-7CS,Mech,1,6
