GN_Faction_Kurita_Medium_Mechs,,,
mechdef_HermesII_HER-2M,Mech,1,6
mechdef_Sentinel_STN-3K,Mech,1,6
mechdef_Sentinel_STN-3KA,Mech,1,6
mechdef_Sentinel_STN-3KB,Mech,1,6
mechdef_Sentinel_STN-3M,Mech,1,6
mechdef_Whitworth_WTH-1S,Mech,1,6
mechdef_apollo_APL-2S,Mech,1,6
mechdef_apollo_APL-3T,Mech,1,6
mechdef_crab_CRB-C,Mech,1,6
mechdef_daimyo_DMO-1K,Mech,1,6
mechdef_daimyo_DMO-2K,Mech,1,6
mechdef_daimyo_DMO-4K,Mech,1,6
mechdef_daimyo_DMO-5K,Mech,1,6
mechdef_hatchetman_HCT-3X,Mech,1,6
mechdef_kintaro_KTO-18,Mech,1,6
mechdef_kintaro_KTO-19,Mech,1,6
mechdef_kintaro_KTO-20,Mech,1,6
mechdef_phoenixhawk_PXH-1K,Mech,1,6
mechdef_sentinel_STN-C,Mech,1,6
mechdef_trebuchet_TBT-7K,Mech,1,6
mechdef_trebuchet_TBT-9K,Mech,1,6
mechdef_wolverine_WVR-6K,Mech,1,6
