GN_Faction_Liao_Heavy_Mech_Parts,,,
mechdef_cataphract_CTF-0X,MechPart,1,6
mechdef_cataphract_CTF-1X,MechPart,1,6
mechdef_catapult_CPLT-A1,MechPart,1,6
mechdef_catapult_CPLT-C4,MechPart,1,6
mechdef_crusader_CRD-3L,MechPart,1,6
mechdef_jagermech_JM6-S,MechPart,1,6
mechdef_jagermech_JM7-F,MechPart,1,6
mechdef_jinggau_JN-G8A,MechPart,1,6
mechdef_marauder_MAD-3L,MechPart,1,6
mechdef_orion_ON1-VA-DC,MechPart,1,6
mechdef_thunder_THR-2L,MechPart,1,6
mechdef_warhammer_WHM-6L,MechPart,1,6
mechdef_warhammer_WHM-7M-DC,MechPart,1,6
