GN_Faction_Kurita_Light_Mechs,,,
mechdef_Hermes_HER-1B,Mech,1,6
mechdef_Mongoose_MON-68,Mech,1,6
mechdef_copperhead_CPR-HD-002,Mech,1,6
mechdef_falcon_FLC-4N,Mech,1,6
mechdef_falcon_FLC-G,Mech,1,6
mechdef_falcon_FLC-G2,Mech,1,6
mechdef_hussar_HSR-300-D,Mech,1,6
mechdef_hussar_HSR-350-D,Mech,1,6
mechdef_javelin_JVN-10A,Mech,1,6
mechdef_javelin_JVN-10N,Mech,1,6
mechdef_jenner_JR7-F,Mech,1,6
mechdef_jenner_JR7-F-Smith,Mech,1,6
mechdef_panther_PNT-9RALAG,Mech,1,6
mechdef_spider_SDR-5K,Mech,1,6
mechdef_thorn_THE-T,Mech,1,6
mechdef_urbanmech_UM-R68,Mech,1,6
