GN_Weapons_Lostech,,,,WeightedRandomUseOnce
Weapon_Autocannon_LB10XAC,Weapon,1,3
Weapon_Autocannon_LB10X_1-Western,Weapon,1,5
Weapon_Autocannon_LB10X_2-Western,Weapon,1,4
Weapon_Autocannon_LB20XAC,Weapon,1,3
Weapon_Autocannon_LB20X_1-Shengli_Arms,Weapon,1,5
Weapon_Autocannon_LB20X_2-Shengli_Arms,Weapon,1,4
Weapon_Autocannon_LB2XAC,Weapon,1,3
Weapon_Autocannon_LB2X_1-Defiance,Weapon,1,5
Weapon_Autocannon_LB2X_2-Defiance,Weapon,1,4
Weapon_Autocannon_LB5XAC,Weapon,1,3
Weapon_Autocannon_LB5X_1-GM,Weapon,1,5
Weapon_Autocannon_LB5X_2-GM,Weapon,1,4
Weapon_Autocannon_RAC10,Weapon,1,3
Weapon_Autocannon_RAC2,Weapon,1,3
Weapon_Autocannon_RAC20,Weapon,1,3
Weapon_Autocannon_RAC5,Weapon,1,3
Weapon_Autocannon_UAC10_0-STOCK,Weapon,1,10
Weapon_Autocannon_UAC10_1-Federated,Weapon,1,4
Weapon_Autocannon_UAC10_2-Federated,Weapon,1,3
Weapon_Autocannon_UAC20_0-STOCK,Weapon,1,10
Weapon_Autocannon_UAC20_1-Kali_Yama,Weapon,1,4
Weapon_Autocannon_UAC20_2-Kali_Yama,Weapon,1,3
Weapon_Autocannon_UAC2_0-STOCK,Weapon,1,10
Weapon_Autocannon_UAC2_1-Imperator,Weapon,1,4
Weapon_Autocannon_UAC2_2-Imperator,Weapon,1,3
Weapon_Autocannon_UAC5_0-STOCK,Weapon,1,10
Weapon_Autocannon_UAC5_1-Mydron,Weapon,1,4
Weapon_Autocannon_UAC5_2-Mydron,Weapon,1,3
Weapon_Gauss_Gauss_0-STOCK,Weapon,1,5
Weapon_Gauss_Gauss_1-M7,Weapon,1,3
Weapon_Gauss_Gauss_2-M9,Weapon,1,2
Weapon_Gauss_RepeatingGaussRifle,Weapon,1,3
Weapon_Laser_LargeLaserER_0-STOCK,Weapon,1,6
Weapon_Laser_LargeLaserER_1-Blankenburg25,Weapon,1,5
Weapon_Laser_LargeLaserER_2-BlazeFire,Weapon,1,4
Weapon_Laser_LargeLaserPulse_0-STOCK,Weapon,1,5
Weapon_Laser_LargeLaserPulse_1-Thunderbolt12,Weapon,1,5
Weapon_Laser_LargeLaserPulse_2-Exostar,Weapon,1,4
Weapon_Laser_LargeVSPLaser,Weapon,1,3
Weapon_Laser_LargeXPulseLaser,Weapon,1,3
Weapon_Laser_MediumLaserER_0-STOCK,Weapon,1,6
Weapon_Laser_MediumLaserER_1-MagnaVI,Weapon,1,5
Weapon_Laser_MediumLaserER_2-BrightBloom,Weapon,1,4
Weapon_Laser_MediumLaserPulse_0-STOCK,Weapon,1,5
Weapon_Laser_MediumLaserPulse_1-RakerIV,Weapon,1,5
Weapon_Laser_MediumLaserPulse_2-Magna400P,Weapon,1,4
Weapon_Laser_MediumPulseLaserER,Weapon,1,3
Weapon_Laser_MediumVSPLaser,Weapon,1,3
Weapon_Laser_MediumXPulseLaser,Weapon,1,3
Weapon_Laser_SmallLaserER_0-STOCK,Weapon,1,6
Weapon_Laser_SmallLaserER_1-Diverse_Optics,Weapon,1,5
Weapon_Laser_SmallLaserER_2-BlazeFire,Weapon,1,4
Weapon_Laser_SmallLaserPulse_0-STOCK,Weapon,1,5
Weapon_Laser_SmallLaserPulse_1-Maxell,Weapon,1,5
Weapon_Laser_SmallLaserPulse_2-Magna200P,Weapon,1,4
Weapon_Laser_SmallVSPLaser,Weapon,1,3
Weapon_Laser_SmallXPulseLaser,Weapon,1,3
Weapon_NARC,Weapon,1,3
Weapon_Narc_Improved,Weapon,1,3
Weapon_Narc_Standard_0-STOCK,Weapon,1,6
Weapon_Narc_Standard_1-Ceres_Arms,Weapon,1,5
Weapon_Narc_Standard_2-Kali_Yama,Weapon,1,15
Weapon_PPC_PPCER_0-STOCK,Weapon,1,6
Weapon_PPC_PPCER_1-MagnaFirestar,Weapon,1,5
Weapon_PPC_PPCER_2-TiegartMagnum,Weapon,1,5
Weapon_PPC_PPCSnub_0-STOCK,Weapon,1,6
Weapon_PPC_PPCSnub_1-Ceres_Arms,Weapon,1,6
Weapon_PPC_PPCSnub_1-Donal,Weapon,1,6
Weapon_PPC_PPCSnub_1-Magna,Weapon,1,6
Weapon_PPC_PPCSnub_2-Ceres_Arms,Weapon,1,5
Weapon_PPC_PPCSnub_2-Donal,Weapon,1,5
Weapon_PPC_PPCSnub_2-Magna,Weapon,1,5
Weapon_SRM_SRM2_Streak,Weapon,1,5
Weapon_SRM_SRM4_Streak,Weapon,1,5
Weapon_SRM_SRM6_Streak,Weapon,1,5
Weapon_SRM_SSRM2,Weapon,1,3
Weapon_SRM_SSRM4,Weapon,1,3
Weapon_SRM_SSRM6,Weapon,1,3
Weapon_TAG_Standard_0-STOCK,Weapon,1,6
Weapon_TAG_Standard_1-Mendham,Weapon,1,5
Weapon_TAG_Standard_2-Ceres_Arms,Weapon,1,5
