itemCollection_faction_Rasalhague,,,
GN_Faction_Rasalhague_Light_Mechs,Reference,2,1
GN_Faction_Rasalhague_Medium_Mechs,Reference,2,1
GN_Faction_Rasalhague_Heavy_Mechs,Reference,2,1
GN_Faction_Rasalhague_Assault_Mechs,Reference,2,1
GN_Faction_Rasalhague_Light_Mech_Parts,Reference,4,1
GN_Faction_Rasalhague_Medium_Mech_Parts,Reference,4,1
GN_Faction_Rasalhague_Heavy_Mech_Parts,Reference,4,1
GN_Faction_Rasalhague_Assault_Mech_Parts,Reference,4,1
GN_Faction_Rasalhague_Weapons,Reference,8,1
GN_Faction_Rasalhague_Ammo,Reference,5,1
GN_Faction_Rasalhague_Equipment,Reference,5,1
GN_Engines-T2,Reference,1,1
GN_Engines-T2,Reference,1,1
