itemCollection_faction_Ives,,,
GN_Faction_Ives_Light_Mechs,Reference,2,1
GN_Faction_Ives_Medium_Mechs,Reference,2,1
GN_Faction_Ives_Heavy_Mechs,Reference,2,1
GN_Faction_Ives_Assault_Mechs,Reference,2,1
GN_Faction_Ives_Light_Mech_Parts,Reference,4,1
GN_Faction_Ives_Medium_Mech_Parts,Reference,4,1
GN_Faction_Ives_Heavy_Mech_Parts,Reference,4,1
GN_Faction_Ives_Assault_Mech_Parts,Reference,4,1
GN_Faction_Ives_Weapons,Reference,8,1
GN_Faction_Ives_Ammo,Reference,5,1
GN_Faction_Ives_Equipment,Reference,5,1
GN_Engines-T2,Reference,1,1
GN_Engines-T2,Reference,1,1
