itemCollection_faction_Liao,,,
GN_Faction_Liao_Light_Mechs,Reference,2,1
GN_Faction_Liao_Medium_Mechs,Reference,2,1
GN_Faction_Liao_Heavy_Mechs,Reference,2,1
GN_Faction_Liao_Assault_Mechs,Reference,2,1
GN_Faction_Liao_Light_Mech_Parts,Reference,4,1
GN_Faction_Liao_Medium_Mech_Parts,Reference,4,1
GN_Faction_Liao_Heavy_Mech_Parts,Reference,4,1
GN_Faction_Liao_Assault_Mech_Parts,Reference,4,1
GN_Faction_Liao_Weapons,Reference,8,1
GN_Faction_Liao_Ammo,Reference,5,1
GN_Faction_Liao_Equipment,Reference,5,1
GN_Engines-T2,Reference,1,1
GN_Engines-T2,Reference,1,1
