itemCollection_faction_Davion,,,
GN_Faction_Davion_Light_Mechs,Reference,2,1
GN_Faction_Davion_Medium_Mechs,Reference,2,1
GN_Faction_Davion_Heavy_Mechs,Reference,2,1
GN_Faction_Davion_Assault_Mechs,Reference,2,1
GN_Faction_Davion_Light_Mech_Parts,Reference,4,1
GN_Faction_Davion_Medium_Mech_Parts,Reference,4,1
GN_Faction_Davion_Heavy_Mech_Parts,Reference,4,1
GN_Faction_Davion_Assault_Mech_Parts,Reference,4,1
GN_Faction_Davion_Weapons,Reference,8,1
GN_Faction_Davion_Ammo,Reference,5,1
GN_Faction_Davion_Equipment,Reference,5,1
GN_Engines-T2,Reference,1,1
GN_Engines-T2,Reference,1,1
