itemCollection_Periphery_Heavy_Mech_Parts,,,
mechdef_catapult_CPLT-C1,MechPart,1,4
mechdef_grasshopper_GHR-5H,MechPart,1,4
mechdef_thunderbolt_TDR-5S,MechPart,1,6
mechdef_rifleman_RFL-3N,MechPart,1,6
mechdef_dragon_DRG-2Y,MechPart,1,6
mechdef_warhammer_WHM-7A,MechPart,1,6
mechdef_marauder_MAD-3R,MechPart,1,6
mechdef_quickdraw_QKD-4G,MechPart,1,6
mechdef_Ostroc_OSR-2C,MechPart,1,4
mechdef_jinggau_JN-G8A,MechPart,1,2
mechdef_guillotine_GLT-4L,MechPart,1,4
mechdef_cataphract_CTF-4X,MechPart,1,4
mechdef_axman_AXM-2N,MechPart,1,2
mechdef_blackknight_BL-7-KNT,MechPart,1,4
mechdef_flashman_FLS-8K,MechPart,1,4
mechdef_crusader_CRD-3R,MechPart,1,4
mechdef_Ostsol_OTL-4D,MechPart,1,4
mechdef_lancelot_LNC25-05,MechPart,1,4
mechdef_bombardier_BMB-10D,MechPart,1,6
mechdef_archer_ARC-2R,MechPart,1,6
