itemCollection_Periphery_Medium_Mech_Parts,,,
mechdef_centurion_CN9-AL,MechPart,1,4
mechdef_hunchback_HBK-4N,MechPart,1,4
mechdef_Whitworth_WTH-1,MechPart,1,6
mechdef_phoenixhawk_PXH-1,MechPart,1,6
mechdef_Clint_CLNT-2-4T,MechPart,1,6
mechdef_vulcan_VL-5T,MechPart,1,6
mechdef_wolverine_WVR-6M,MechPart,1,4
mechdef_shadowhawk_SHD-5M,MechPart,1,4
mechdef_dervish_DV-6M,MechPart,1,4
mechdef_blackjack_BJ-3,MechPart,1,4
mechdef_trebuchet_TBT-7M,MechPart,1,4
mechdef_HermesII_HER-2S,MechPart,1,4
mechdef_cicada_CDA-2A,MechPart,1,4
mechdef_cronus_CNS-3M,MechPart,1,4
mechdef_assassin_ASN-21,MechPart,1,6
mechdef_crab_CRB-20,MechPart,1,6
mechdef_griffin_GRF-1N,MechPart,1,6
mechdef_phoenixhawk_PXH-3M,MechPart,1,6
mechdef_Clint_CLNT-2-3T,MechPart,1,6
mechdef_trebuchet_TBT-5S,MechPart,1,4
