itemCollection_InnerSphere_Medium_Mech_Parts,,,
mechdef_centurion_CN9-A,MechPart,1,4
mechdef_kintaro_KTO-18,MechPart,1,4
mechdef_hunchback_HBK-4N,MechPart,1,4
mechdef_Clint_CLNT-2-3T-Denton,MechPart,1,6
mechdef_Whitworth_WTH-1S,MechPart,1,6
mechdef_phoenixhawk_PXH-3S,MechPart,1,6
mechdef_wolverine_WVR-6R,MechPart,1,6
mechdef_vulcan_VL-2T,MechPart,1,6
mechdef_crab_CRB-20,MechPart,1,6
mechdef_griffin_GRF-1N,MechPart,1,6
mechdef_shadowhawk_SHD-2H,MechPart,1,6
mechdef_assassin_ASN-21,MechPart,1,6
mechdef_cicada_CDA-3C,MechPart,1,4
mechdef_trebuchet_TBT-7K,MechPart,1,4
mechdef_vindicator_VND-1R,MechPart,1,4
mechdef_Sentinel_STN-3KB,MechPart,1,4
mechdef_blackjack_BJ-1DB,MechPart,1,4
mechdef_enforcer_ENF-4R,MechPart,1,4
mechdef_HermesII_HER-2M,MechPart,1,4
mechdef_dervish_DV-7D,MechPart,1,4
