itemCollection_faction_WordOfBlake,,,
GN_Faction_WordOfBlake_Light_Mechs,Reference,2,1
GN_Faction_WordOfBlake_Medium_Mechs,Reference,2,1
GN_Faction_WordOfBlake_Heavy_Mechs,Reference,2,1
GN_Faction_WordOfBlake_Assault_Mechs,Reference,2,1
GN_Faction_WordOfBlake_Light_Mech_Parts,Reference,4,1
GN_Faction_WordOfBlake_Medium_Mech_Parts,Reference,4,1
GN_Faction_WordOfBlake_Heavy_Mech_Parts,Reference,4,1
GN_Faction_WordOfBlake_Assault_Mech_Parts,Reference,4,1
GN_Faction_WordOfBlake_Weapons,Reference,8,1
GN_Faction_WordOfBlake_Ammo,Reference,5,1
GN_Faction_WordOfBlake_Equipment,Reference,5,1
GN_Engines-T2,Reference,1,1
GN_Engines-T2,Reference,1,1
