itemCollection_faction_Steiner,,,
GN_Faction_Steiner_Light_Mechs,Reference,2,1
GN_Faction_Steiner_Medium_Mechs,Reference,2,1
GN_Faction_Steiner_Heavy_Mechs,Reference,2,1
GN_Faction_Steiner_Assault_Mechs,Reference,2,1
GN_Faction_Steiner_Light_Mech_Parts,Reference,4,1
GN_Faction_Steiner_Medium_Mech_Parts,Reference,4,1
GN_Faction_Steiner_Heavy_Mech_Parts,Reference,4,1
GN_Faction_Steiner_Assault_Mech_Parts,Reference,4,1
GN_Faction_Steiner_Weapons,Reference,8,1
GN_Faction_Steiner_Ammo,Reference,5,1
GN_Faction_Steiner_Equipment,Reference,5,1
GN_Engines-T2,Reference,1,1
GN_Engines-T2,Reference,1,1
