itemCollection_faction_ComStar,,,
GN_Faction_ComStar_Light_Mechs,Reference,2,1
GN_Faction_ComStar_Medium_Mechs,Reference,2,1
GN_Faction_ComStar_Heavy_Mechs,Reference,2,1
GN_Faction_ComStar_Assault_Mechs,Reference,2,1
GN_Faction_ComStar_Light_Mech_Parts,Reference,4,1
GN_Faction_ComStar_Medium_Mech_Parts,Reference,4,1
GN_Faction_ComStar_Heavy_Mech_Parts,Reference,4,1
GN_Faction_ComStar_Assault_Mech_Parts,Reference,4,1
GN_Faction_ComStar_Weapons,Reference,8,1
GN_Faction_ComStar_Ammo,Reference,5,1
GN_Faction_ComStar_Equipment,Reference,5,1
GN_Engines-T2,Reference,1,1
GN_Engines-T2,Reference,1,1
