itemCollection_Periphery_Heavy_Mechs,,,
mechdef_catapult_CPLT-C1,Mech,1,4
mechdef_grasshopper_GHR-5H,Mech,1,4
mechdef_thunderbolt_TDR-5S,Mech,1,6
mechdef_rifleman_RFL-3N,Mech,1,6
mechdef_dragon_DRG-2Y,Mech,1,6
mechdef_warhammer_WHM-7A,Mech,1,6
mechdef_marauder_MAD-3R,Mech,1,6
mechdef_quickdraw_QKD-4G,Mech,1,6
mechdef_Ostroc_OSR-2C,Mech,1,4
mechdef_jinggau_JN-G8A,Mech,1,2
mechdef_guillotine_GLT-4L,Mech,1,4
mechdef_cataphract_CTF-4X,Mech,1,4
mechdef_axman_AXM-2N,Mech,1,2
mechdef_blackknight_BL-7-KNT,Mech,1,4
mechdef_flashman_FLS-8K,Mech,1,4
mechdef_crusader_CRD-3R,Mech,1,4
mechdef_Ostsol_OTL-4D,Mech,1,4
mechdef_lancelot_LNC25-05,Mech,1,4
mechdef_bombardier_BMB-10D,Mech,1,6
mechdef_archer_ARC-2R,Mech,1,6
