itemCollection_Periphery_Medium_Mechs,,,
mechdef_centurion_CN9-AL,Mech,1,4
mechdef_hunchback_HBK-4N,Mech,1,4
mechdef_Whitworth_WTH-1,Mech,1,6
mechdef_phoenixhawk_PXH-1,Mech,1,6
mechdef_Clint_CLNT-2-4T,Mech,1,6
mechdef_vulcan_VL-5T,Mech,1,6
mechdef_wolverine_WVR-6M,Mech,1,4
mechdef_shadowhawk_SHD-5M,Mech,1,4
mechdef_dervish_DV-6M,Mech,1,4
mechdef_blackjack_BJ-3,Mech,1,4
mechdef_trebuchet_TBT-7M,Mech,1,4
mechdef_HermesII_HER-2S,Mech,1,4
mechdef_cicada_CDA-2A,Mech,1,4
mechdef_cronus_CNS-3M,Mech,1,4
mechdef_assassin_ASN-21,Mech,1,6
mechdef_crab_CRB-20,Mech,1,6
mechdef_griffin_GRF-1N,Mech,1,6
mechdef_phoenixhawk_PXH-3M,Mech,1,6
mechdef_Clint_CLNT-2-3T,Mech,1,6
mechdef_trebuchet_TBT-5S,Mech,1,4
